item_id,title,price,domain_id,brand
MLA1109813451,Smart Tv Samsung Series 7 Un43au7000gczb Led 4k 43  220v - 240v,124999.0,MLA-TELEVISIONS,Samsung
MLA1148941757,Smart Tv Samsung Series 7 Un55au7000gczb Led 4k 55  220v - 240v,159999.0,MLA-TELEVISIONS,Samsung
MLA1230825310,Smart Tv Samsung Neo Qled 4k Qn55qn85bagczb Qled 4k 55  220v - 240v,379999.0,MLA-TELEVISIONS,Samsung
MLA1117022246,Smart Tv Samsung Series 7 Un50au7000gczb Led 4k 50  220v - 240v,112499.0,MLA-TELEVISIONS,Samsung
MLA1150947007,Smart Tv Tcl P725-series 55p725 Dled 4k 55  100v/240v,127999.0,MLA-TELEVISIONS,TCL
MLA1121120748,Smart Tv LG Ai Thinq 43up7750psb Lcd 4k 43  100v/240v,92999.0,MLA-TELEVISIONS,LG
MLA1191626668,Smart Tv Philips 7000 Series 55pud7406/77 Led 4k 55  110v/240v,135999.0,MLA-TELEVISIONS,Philips
MLA1130878792,Smart Tv Philips 7000 Series 50pud7406/77 Led 4k 50  110v/240v,93999.0,MLA-TELEVISIONS,Philips
MLA1160387206,Smart Tv Hitachi Cdh-le504ksmart21-f Led 4k 50  220v,102499.0,MLA-TELEVISIONS,Hitachi
MLA1242349279,Smart Tv LG Ai Thinq 60up7750psb Lcd 4k 60  100v/240v,229999.0,MLA-TELEVISIONS,LG
MLA1150229470,Smart Tv Philips 55pud7906/77 Led 4k 55  110v/240v,159999.0,MLA-TELEVISIONS,Philips
MLA1150190526,Smart Tv Philips 65pud7906/77 Led 4k 65  110v/240v,236999.0,MLA-TELEVISIONS,Philips
MLA1121199270,Smart Tv LG Ai Thinq 50up7750psb Lcd 4k 50  100v/240v,134899.0,MLA-TELEVISIONS,LG
MLA1259399353,Smart Tv Tcl L55p615 Led 4k 55  100v/240v,115999.0,MLA-TELEVISIONS,TCL
MLA1258884059,Smart Tv Tcl C72-series 50c725 Qled 4k 50  100v/240v,134999.0,MLA-TELEVISIONS,TCL
MLA1170709294,Smart Tv Samsung Series 7 Un55au7000gxug Led 4k 55  100v/240v,144999.0,MLA-TELEVISIONS,Samsung
MLA1218486812,Smart Tv Marca Skyworth 55g3af Frameless Led 4k 55 Pulgadas Hdr 10 Android Tv Control Por Voz Google Assistant Chromecast Built-in,133999.0,MLA-TELEVISIONS,Skyworth
MLA1214813564, Smart Tv Noblex Db58x7500 58  Led 4k Android Tv,140999.0,MLA-TELEVISIONS,Noblex
MLA1262147908,Smart Tv Samsung Crystal Uhd Un65bu8000gxzd Led 4k 65  100v/240v,299999.0,MLA-TELEVISIONS,Samsung
MLA1139482954,Smart Tv LG Ai Thinq 55nano80spa Led 4k 55  100v/240v,211799.0,MLA-TELEVISIONS,LG
MLA1283525094,Smart Tv Jvc Lt-50da7125 Led 4k 50  220v,117999.0,MLA-TELEVISIONS,JVC
MLA1174474361,Smart Tv Philips 43 4k Uhd Android  Pud7407/77 110v-240v,91999.0,MLA-TELEVISIONS,Philips
MLA1158531269,Smart Tv Hyundai Hyled-50uhd5a 4k 50  220v,100822.5,MLA-TELEVISIONS,Hyundai
MLA1233492118,Smart Tv Rca And55fxuhd Lcd 4k 55  220v - 240v,134999.0,MLA-TELEVISIONS,RCA
MLA1347142647,Smart Tv Rca And50fxuhd Led 4k 50  100v/240v,103673.0,MLA-TELEVISIONS,RCA
MLA1297400217,Smart Noblex 50  91dk50x6550 4k Sistema Vidaa,105999.0,MLA-TELEVISIONS,Noblex
MLA1133508626,Smart Tv Samsung Series 6 Qn55q60aagczb Qled 4k 55  220v - 240v,222999.0,MLA-TELEVISIONS,Samsung
MLA1273965270,Tcl Led 55  L55p735 Uhd Google Tv-rv,128999.0,MLA-TELEVISIONS,TCL
MLA1240290150,Smart Tv Noblex Dq50x9500pi Qled 4k 50'' Black Series Con Google Tv,144999.0,MLA-TELEVISIONS,Noblex
MLA1322670052,Smart Tv Bgh B5021uh6a Led 4k 50  220v,104999.0,MLA-TELEVISIONS,BGH
MLA1247996577,Smart Tv 55 Pulgadas 4k Ultra Hd Cdh-le554ksmart21 F - Hitachi,124591.0,MLA-TELEVISIONS,Hitachi
MLA1154482990,Smart Tv Quint Qt1-50frame 4k 50  220v,96999.0,MLA-TELEVISIONS,Quint
MLA1126575123,Smart Tv Aoc 50u6295/77g Led 4k 50  220v,95048.0,MLA-TELEVISIONS,AOC
MLA1347372134,Smart Tv 50 Pulgadas 4k Ultra Hd 50uq8050psb - LG,158817.0,MLA-TELEVISIONS,LG
MLA1298310685,Smart Tv Noblex Dk75x7500pi Led Hdr 4k 75'' Con Google Tv,288999.0,MLA-TELEVISIONS,Noblex
MLA1183243765,Smart Tv Samsung 55 In. Neo Qled 4k Qn85b Serie 8 120 Hz,379999.0,MLA-TELEVISIONS,Samsung
MLA1139241803,Smart Tv LG 43  Led Real 4k Uhd Hdr 10 Pro Thinq 43up7750,97999.0,MLA-TELEVISIONS,LG
MLA927162340,Smart Tv 50 Rca And50fxuhd Android Uhd 4k Youtube Netflix,134099.0,MLA-TELEVISIONS,RCA
MLA1337738397,Smart Tv Bgh Led Uhd 4k Android Pne040263 220v,107000.0,MLA-TELEVISIONS,BGH
MLA1280863191,Smart Tv Motorola 50 Led Mt50y003a1b 4k Android Tv,97169.0,MLA-TELEVISIONS,Motorola
MLA1259052986,Smart Tv Samsung Neo Qled 4k Qn43qn90bagczb Qled 4k 43  220v - 240v,304999.0,MLA-TELEVISIONS,Samsung
MLA1166863804,Smart Tv Tcl P725-series L50p725 Led 4k 50  220v - 240v,101799.0,MLA-TELEVISIONS,TCL
MLA1174734938,Smart Tv Noblex Dm50x7550 Led 4k 50  220v,108289.09,MLA-TELEVISIONS,Noblex
MLA1125793071,Smart Tv Rca X55andtv Led 4k 55  100v/240v,133999.0,MLA-TELEVISIONS,RCA
MLA1171067560,Smart Tv Samsung Qn55q65bagxzd Qled 4k 55  100v/240v,284999.0,MLA-TELEVISIONS,Samsung
MLA1341130260,Smart Tv Led 50  4k L50p735 Go - Tcl,115999.0,MLA-TELEVISIONS,TCL
MLA1181166763,Smart Tv Tcl C725-series 65c725 Qled 4k 65  100v/240v,289999.0,MLA-TELEVISIONS,TCL
MLA1329944508,Smart Tv 4k Uhd 50 Pulgadas Rca C50and Android Dolby Hdr Voz,91999.0,MLA-TELEVISIONS,RCA
MLA1288013500,Tv Led 4k 50  Noblex Dk50x7500  Uhd Smart Netflix Tda,105990.0,MLA-TELEVISIONS,Noblex
MLA1157630356,Smart Tv Tcl L55p715 Led 4k 55  220v,161248.75,MLA-TELEVISIONS,TCL
MLA1227954162,Smart Tv Kanji Kj-6xst005 Led 4k 60  220v - 240v,133998.0,MLA-TELEVISIONS,Kanji
MLA1107817733,Smart Tv Samsung 2021 Un50au7000gczb Uhd 4k Tizen Led 50'',139999.0,MLA-TELEVISIONS,Samsung
MLA1279595835,Smart Tv Feelnology F5022uk6 Led 4k 50  220v,89870.0,MLA-TELEVISIONS,Feelnology
MLA1137497699,Smart Tv Samsung Qn55q80aagxzd Qled 4k 55  100v/240v,411999.0,MLA-TELEVISIONS,Samsung
MLA1217052286,Smart Tv Noblex 55 Pulgadas Dk55x6550 4k Uhd ,153599.0,MLA-TELEVISIONS,Noblex
MLA927162973,Smart Tv 50 Rca And50fxuhd Android Uhd 4k Netflix Youtube,107279.0,MLA-TELEVISIONS,RCA
MLA1163390684,Smart Tv Tcl L50p615 50   4k Uhd Android Tv ,106652.0,MLA-TELEVISIONS,TCL
MLA1316656011,Smart Tv Hisense 9155a64h Led 4k 55  220v,157999.0,MLA-TELEVISIONS,Hisense
MLA1347369541,Smart Tv Led 55  4k 91mt55 Motorola,146999.0,MLA-TELEVISIONS,Motorola
MLA904382091,Smart Tv Samsung Series 7 Un43tu7000gczb Led 4k 43  220v - 240v,135899.0,MLA-TELEVISIONS,Samsung
MLA1127075969,Tv Smart LG Nanocell 55  4k 55nano80,254999.0,MLA-TELEVISIONS,LG
MLA1183249991,Smart Tv Led 50 Bgh B5022uk6 Ultra Hd Netflix Youtube 220v,98050.0,MLA-TELEVISIONS,BGH
MLA1151927341,Smart Tv Philco Pld50hs22pi Led 4k 50  Negro 220v,95999.0,MLA-TELEVISIONS,Philco
MLA1198363837,Smart Tv Noblex Qled 65 Pulgadas Dq65x9500 4k Google Tv,219999.0,MLA-TELEVISIONS,Noblex
MLA1219447814,Smart Tv Noblex X7 Series Dm50x7500 Led 4k 50  220v,107999.0,MLA-TELEVISIONS,Noblex
MLA1185773495,Smart Tv Tcl L50c725 Uhd Qled 50 Android 4k 100v/240v,134999.0,MLA-TELEVISIONS,TCL
MLA1281931693,Smart Tv Philco Pld50hs2250pi Led Hdr 4k 50'',102499.0,MLA-TELEVISIONS,Philco
MLA1139288470,Smart Tv 50  Tcl L50p725 4k Uhd Google Tv,115999.0,MLA-TELEVISIONS,TCL
MLA1203654474,Smart Tv Philips 6600 Series 50pud6654/77 Led 4k 50  110v/240v,95999.0,MLA-TELEVISIONS,Philips
MLA1119810206,Smart Tv Hisense A6 Series 50a64gsv Led 4k 50  220v,107999.0,MLA-TELEVISIONS,Hisense
MLA1133869624,Televisor Bgh 50'' Android Tv Negro 4k Ultra Hd Control Voz,120999.0,MLA-TELEVISIONS,BGH
MLA1141931284,Smart Tv Candy 55sv1200 Led 4k 55  110v/240v,132608.93,MLA-TELEVISIONS,Candy
MLA1272358658,Smart Tv Samsung Series 6 Qn55q65bagczb Qled 4k 55  220v - 240v,269999.0,MLA-TELEVISIONS,Samsung
MLA1347395536,Smart Tv Motorola Mt50g22 Led Full Hd 50  220v,124999.0,MLA-TELEVISIONS,Motorola
MLA1150976141,Smart Tv 55  Tcl 55p725 Dled 4k 55 ,127999.0,MLA-TELEVISIONS,TCL
MLA1300933604,Smart Tv Noblex Dr50x7550 Led 4k 50  220v,108999.0,MLA-TELEVISIONS,Noblex
MLA1122003107,Smart Tv Samsung Series 7 Un65au7000gczb Led 4k 65  220v - 240v,241999.0,MLA-TELEVISIONS,Samsung
MLA1285915734,Smart Tv Samsung Series 7 Un70au7000gxzs Led 4k 70  100v/240v,340899.0,MLA-TELEVISIONS,Samsung
MLA1158031351,Smart Tv 50 Philips 4k 7400 Series 50pud7406|77 Android,141999.0,MLA-TELEVISIONS,Philips
MLA1318229282,Smart Tv LG Evo Oled65c2psa 4k 65  100v/240v,665930.0,MLA-TELEVISIONS,LG
MLA1105971758,Tv Smart Android Led 4k Philips 55 Uhd 55pud7406/77,130999.0,MLA-TELEVISIONS,Philips
MLA1107817740,Smart Tv Samsung 2021 N43au7000gczb Uhd 4k Tizen Led 43'',124999.0,MLA-TELEVISIONS,Samsung
MLA904382089,Smart Tv Samsung  Un43tu7000gczb 43 Pulgadas 4k Ultra Hd,135899.0,MLA-TELEVISIONS,Samsung
MLA1128214599,Led Tv Philips 50 Pud7406/77 Android Smart Netflix Prime 4k,124999.0,MLA-TELEVISIONS,Philips
MLA1128484823,Smart Tv 4k 55 Philips Ambilight 55pud7906 Android Hdr Cuota,220499.0,MLA-TELEVISIONS,Philips
MLA1135929977,Smart Tv Led 55  Hitachi Cdh-le554ksmart21 Android 4k,128099.0,MLA-TELEVISIONS,Hitachi
MLA1356399648,Smart Tv Hitachi Cdh-le554ksmart22 Lcd 4k 55  100v/240v,134999.0,MLA-TELEVISIONS,Hitachi
MLA1120456909,Smart Tv Samsung Series 7 Un50au7000gczb Led 4k 50  ,139999.0,MLA-TELEVISIONS,Samsung
MLA925537325,Smart Tv Philco Pld50us9a1 Led 4k 50  220v,107118.96,MLA-TELEVISIONS,Philco
MLA1139432648,Smart Tv 55  Samsung Series 7 Un55au7000gczb Led 4k ,174999.0,MLA-TELEVISIONS,Samsung
MLA1133073526,Smart Tv Hyundai Hyled-58uhd4 4k 58  220v,117699.0,MLA-TELEVISIONS,Hyundai
MLA1316629248,Smart Tv Hisense 50u60h Uled 4k 50'' Con Google Tv,149999.0,MLA-TELEVISIONS,Hisense
MLA1131868812,Televisor Samsung 55  Smart Tv Crystal Uhd 4k Au7000,164999.0,MLA-TELEVISIONS,Samsung
MLA1133830135,Smart Tv Led Philips 50pud7406 De 4k 50 PuLG Bluetooth Wifi,158543.6,MLA-TELEVISIONS,Philips
MLA1361070453,Smart Tv 65 Tcl Led 4k L65p725 Uhd Google Tv,169999.0,MLA-TELEVISIONS,TCL
MLA910704613,Smart Tv LG 50  4k Uhd Ai Thinq 50um7360ps Con Magic Control,134999.0,MLA-TELEVISIONS,LG
MLA1360600532,Smart Tv Samsung The Frame Qn55ls03aagczbc Qled 4k 55  220v,379999.0,MLA-TELEVISIONS,Samsung
MLA1141990828,Smart Tv Bgh B5521uh6a Led 4k 55  220v,136990.0,MLA-TELEVISIONS,BGH
MLA1243094999,Smart Tv Noblex Dk75x7500pi Led Hdr 4k 75'' Con Google Tv,279999.0,MLA-TELEVISIONS,Noblex
MLA1290430834,Led Smart Tv 55  Daihatsu Dht55ch 4k Uhd Google Tv,108999.0,MLA-TELEVISIONS,Daihatsu
MLA1158211249,Smart Tv 50 Philips 4k 7400 Series 50pud7406|77 Android,107499.0,MLA-TELEVISIONS,Philips
MLA900398392,Smart Tv Sanyo Lce50su9550 Led 4k 50  220v,115898.78,MLA-TELEVISIONS,Sanyo
MLA1233032334,Smart Tv Samsung 65 Pulgadas Qled 4k Q65b Qn65q65bagczb,304999.0,MLA-TELEVISIONS,Samsung
MLA1139215407,Smart Tv 55  LG Led Uhd 4k Nanocell 55nano80 Con Thinq Ai,211799.0,MLA-TELEVISIONS,LG
MLA1136584861,Smart Tv Sony X80j Series Kd-55x80j Lcd 4k 55  110v/240v,349999.49,MLA-TELEVISIONS,Sony
MLA1151955250,Smart Tv Samsung Series 8 Qn55q80aagxzs Qled 4k 55  100v/240v,384999.0,MLA-TELEVISIONS,Samsung
MLA1128916788,Smart Tv Philips 65 Led 4k Serie 7000 65pud7906/77 Android,323999.0,MLA-TELEVISIONS,Philips
MLA1133234667,Smart Tv Philips 7000 Series 50pud7406/77 Led 4k 50  Delta ,118999.0,MLA-TELEVISIONS,Philips
MLA1316661778,Smart Tv Hisense 55u60h Uled 4k 55'' Con Google Tv,189999.0,MLA-TELEVISIONS,Hisense
MLA1229453835,Smart Tv Noblex Dk55x7500pi Led 4k 55'' Con Google Tv,117999.0,MLA-TELEVISIONS,Noblex
MLA1144381976,Smart Tv Xiaomi L43m6-6a Led 4k 43  100v/240v,159999.0,MLA-TELEVISIONS,Xiaomi
MLA904379341,Smart Tv Samsung Series 7 Un43tu7000gczb Led 4k 43 Pulgadas,135899.0,MLA-TELEVISIONS,Samsung
MLA1118626251,Smart Tv Led LG 55 55nano80 4k Nanocell Uhd Thinq Ai Webos,221079.0,MLA-TELEVISIONS,LG
MLA1231740104,Smart Tv Noblex Dr55x7550pi Led 4k 55'' Con Android Tv,125990.0,MLA-TELEVISIONS,Noblex
MLA1120743551,Smart Tv Philips 70pud7906/77 Led 4k 70  110v/240v,249999.0,MLA-TELEVISIONS,Philips
MLA1273629803,Smart Tv 55   Tcl Led L55p735 Uhd Google Tv-rv,128999.0,MLA-TELEVISIONS,TCL
MLA1130860399,Smart Tv Philips 7000 Series 50pud7406/77 Led 4k 50 ,93999.0,MLA-TELEVISIONS,Philips
MLA1160501500,Smart Tv Hitachi 50 4k Uhd Android,102499.0,MLA-TELEVISIONS,Hitachi
MLA1151327963,Smart Tv 58  Hyundai Hyled-58uhd5a 4k Ultra Hd,168748.75,MLA-TELEVISIONS,Hyundai
MLA1168759641,Smart Tv Led Noblex Dr50x7550 4k Youtube Netflix Android Tv,107999.0,MLA-TELEVISIONS,Noblex
MLA1216352237,Android Tv Tcl L55p615 - 4k Hdr Dolby 100v-240v,115999.0,MLA-TELEVISIONS,TCL
MLA1124712411,Smart Tv 55 Pulgadas Rca 4k Uhd And55fxuhd Techcel Nuevo,133999.0,MLA-TELEVISIONS,RCA
MLA1117382283,Smart Tv Kanji Kj-50st005 Led 4k 50  100v/240v,104989.71,MLA-TELEVISIONS,Kanji
MLA1297858398,Smart Tv Hitachi Cdh-le654ksmart24-f Led 4k 65  220v,175999.0,MLA-TELEVISIONS,Hitachi
MLA1110246390,Smart Tv 4k 50 Pulgada Philips 50pud7406/77 Hdr Android X30c,144999.0,MLA-TELEVISIONS,Philips
MLA1213200158,Smart Tv LG Ai Thinq 43up7750psb Lcd 4k 43  100v/240v,116998.7,MLA-TELEVISIONS,LG
MLA1109707559,Smart Tv 50 Samsung Un50au7000gczb Uhd 4k Serie Au7000 Hdmi,112499.0,MLA-TELEVISIONS,Samsung
MLA1110272283,Smart Tv 4k Uhd 50 Pulgadas Philips 50pud7406/77 Hdr Android,121229.0,MLA-TELEVISIONS,Philips
MLA932856664,Televisor Smart 50 Pulgadas Led 4k Con Control Remoto Hdmi,102098.0,MLA-TELEVISIONS,Kanji
MLA1294772855,Smart Tv Philco Predicta 94predictatv5521 Oled 4k 55  220v,361699.0,MLA-TELEVISIONS,Philco
MLA1243094333,Smart Tv Led LG 50 Al Thinq Uhd 4k Led 50up7750 Wifi,157999.0,MLA-TELEVISIONS,LG
MLA1192485082,Smart Tv Siera 55 Stv5503n Uhd Led Android 4k,109609.0,MLA-TELEVISIONS,Siera
MLA1135207211,Televisor Samsung Smart Tv 55  Qled 4k Qn55q80aagczb,399999.0,MLA-TELEVISIONS,Samsung
MLA1108962745,Smart Tv Samsung Series 7 43 Uhd 4k Au7000,124999.0,MLA-TELEVISIONS,Samsung
MLA1109870401,Smart Tv Led 50 Pulgadas Rca And50fxuhd Android 4k Uhd Cuota,145098.0,MLA-TELEVISIONS,RCA
MLA1132384604,Smart Tv Led 50  Philips 50pud7406/77 Android Tv 4k A12,153499.0,MLA-TELEVISIONS,Philips
MLA1115377028,Smart Tv LG 43 Al Thinq Uhd 4k Led 43up7750 Tio Musa,116999.0,MLA-TELEVISIONS,LG
MLA1135926076,Smart Tv 55 Hitachi Cdh-le554ksmart21 4k Android,126999.0,MLA-TELEVISIONS,Hitachi
MLA1362342260,Smart Tv Noblex 91dk50x6500pi Led 4k 50  220v,99999.0,MLA-TELEVISIONS,Noblex
MLA1157712607,Smart Tv Tcl 55p725 Dled 4k 55  100v/240v,134999.0,MLA-TELEVISIONS,TCL
MLA1154885195,Smart Tv Hyundai 50 4k Televisor Google Android Full,100822.5,MLA-TELEVISIONS,Hyundai
MLA1275872064,Smart Tv Jvc Lt-50da71252pi Led 4k 50'',117999.0,MLA-TELEVISIONS,JVC
MLA1333257105,Smart Tv Samsung Neo Qled 4k Qn65qn85bagczb Qled 4k 65  220v - 240v,619999.0,MLA-TELEVISIONS,Samsung
MLA1170647833,Smart Tv Bgh B5522us6a Uled 4k 55  220v,119999.0,MLA-TELEVISIONS,BGH
MLA1346223437,Smart Tv LG Evo Oled55c2psa 4k 55  100v/240v,569999.0,MLA-TELEVISIONS,LG
MLA1316665162,Smart Tv Tcl L55c635 Qled 4k 55  220v,182999.0,MLA-TELEVISIONS,TCL
MLA1121174081,Smart Tv LG Ai Thinq 43up7750psb Lcd 4k 43  Nuevo Garantía,92999.0,MLA-TELEVISIONS,LG
MLA1336881016,Smart Tv 4k Led 50 Pulgadas Telefunken F5022uk6 Uhd Hdmi,91999.0,MLA-TELEVISIONS,Telefunken
MLA1173583907,Smart Tv 50  Uhd 4k Hdr10+ Bluetooth Hdmi Ultrafino Philips,105999.0,MLA-TELEVISIONS,Philips
MLA1131146950,Smart Tv Samsung 55  Qled 4k The Frame Qled 4k,379999.0,MLA-TELEVISIONS,Samsung
MLA1138334413,Smart Tv Philips 7000 Series 50pud7406/77 Led 4k 50  ,110999.0,MLA-TELEVISIONS,Philips
MLA1146594507,43 4k Uhd Smart Tv Android Philips 43pud7407/77 Bluetooth,150339.0,MLA-TELEVISIONS,Philips
MLA1241418468,Tcl Led 55 4k Hdr L55p735 Uhd Google Tv,179999.0,MLA-TELEVISIONS,TCL
MLA1126585100,Smart Tv LG Ai Thinq 70up7750psb Led 4k 70  100v/240v,299999.0,MLA-TELEVISIONS,LG
MLA932854259,Televisor Smart 50 Pulgadas Led 4k Con Control Remoto Hdmi ,138998.0,MLA-TELEVISIONS,Kanji
MLA1133463527,Smart Tv Tcl 55  L55p725 Uhd Google Tv,204284.0,MLA-TELEVISIONS,TCL
MLA1242358301,Smart Tv Samsung Serie 8 Un65bu8000gczb Led 4k 65  100-240v,299999.0,MLA-TELEVISIONS,Samsung
MLA1361320034,Smart Tv Tlc 50 Pulgadas L50p735 4k Hdr Google Tv,97999.0,MLA-TELEVISIONS,TCL
MLA1111109389,Smart Tv Led 50p 4k 50pud7406a Philips,164059.0,MLA-TELEVISIONS,Philips
MLA1200100413,Eq Tv Samsung 55  Qled 4k Serie Q65b,269999.0,MLA-TELEVISIONS,Samsung
MLA1340761140,Tv Smart 50  Uhd 4k Android Rca C50and-f,105999.0,MLA-TELEVISIONS,RCA
MLA1123617767,Smart Tv Samsung Series 7 Qn85q70aagczb Qled 4k 85  220v,875499.0,MLA-TELEVISIONS,Samsung
MLA1159874573,Smart Tv 50  Tcl C72-series 50c725 Qled 4k  Sonido Onkyo,129999.0,MLA-TELEVISIONS,TCL
MLA1125110636,Smart Tv 4k 50 Pulgadas Hitachi Le504ksmart21 Hdr Bt Android,119999.0,MLA-TELEVISIONS,Hitachi
MLA1105091763,Smart Tv Led 50 Pulgadas Rca And50fxuhd Android 4k Uhd,116998.0,MLA-TELEVISIONS,RCA
MLA1356404594,Smart Tv Noblex Dj50x6500 Led 4k 50  220v,99999.0,MLA-TELEVISIONS,Noblex
MLA1202661011, Smart Tv Noblex Db58x7500pi 58  Led 4k Android Tv,140999.0,MLA-TELEVISIONS,Noblex
MLA1129229911,Noblex Dk50x9500 Qled 4k 50 Black Series,130891.0,MLA-TELEVISIONS,Noblex
MLA1292483924,Smart Tv Led 70 Pulgadas 4k 70a6h Hisense,229999.0,MLA-TELEVISIONS,Hisense
MLA1207440588,Smart Tv Noblex Dq50x9500pi Qled 4k 50'' Google Tv,144999.0,MLA-TELEVISIONS,Noblex
MLA1165525817,Smart Tv Quint Qt1-50frameles 4k 50  220v,127999.0,MLA-TELEVISIONS,Quint
MLA1151329549,Televisor Tcl L65p725 Smart Tv 55 Pulgadas Voltaje 240v,234999.0,MLA-TELEVISIONS,TCL
MLA1242343859,Smart Tv LG Oled 55  Oled55c2psa 4k Hdr10pro Thinq Ai,448479.0,MLA-TELEVISIONS,LG
MLA1120730959,Smart Tv Candy Led 4k 55 Pulgadas 55sv1200 Disney Netflix,139999.0,MLA-TELEVISIONS,Candy
MLA1256865873,Smart Tv Rca 55  And55p7uhd Ultra Hd Android Tv 100-240v ,124049.0,MLA-TELEVISIONS,RCA
MLA1133096734,Smart Tv Philips Led 55 4k 55pud7906/77 Android Ambilight,199999.0,MLA-TELEVISIONS,Philips
MLA1139435857,Tv 43  Smart Samsung Un43au7000gczb Uhd 4k Hdr Hdmi Netflix,112999.0,MLA-TELEVISIONS,Samsung
MLA1275666492,Smart Tv Noblex 55 Led 4k Nitid Uhd Series X7 Dk55x7500,123997.0,MLA-TELEVISIONS,Noblex
MLA1136574191,Smart Tv Bgh B5521uh6a Led 4k 55  220v,192130.0,MLA-TELEVISIONS,BGH
MLA1169117885,Smart Tv Hisense H4318fh5 Led 4k 43  100v/240v,120000.0,MLA-TELEVISIONS,Hisense
MLA1139415030,Smart Tv 55  Samsung Series 7 Un55au7000gczb Led 4k ,218749.0,MLA-TELEVISIONS,Samsung
MLA1241316427,Tv Tcl Qled 55  4k C635 Uhd Google Tv Micro Dimming 120 Hz,210999.0,MLA-TELEVISIONS,TCL
MLA1294881350,Smart Tv Led LG 50' 50uq8050psb Uhd 4k Thinq Ai Hdr 10 Pro,158817.0,MLA-TELEVISIONS,LG
MLA868721256,Smart Tv 50  4k Ultra Hd 50u6295/77g Aoc,146549.0,MLA-TELEVISIONS,AOC
MLA1167947402,Smart Tv Samsung 50 4k 60hz Un50au7000gczb Mexx 1,122979.0,MLA-TELEVISIONS,Samsung
MLA1297400216,Smart Tv Noblex Dk50x6550pi Led Hdr 4k 50'' Vidaa,105999.0,MLA-TELEVISIONS,Noblex
MLA921729768,Led Smart Rca 55 Uhd 4k Android Tv Bluetooth Hdr Google Play,132899.0,MLA-TELEVISIONS,RCA
MLA1259046678,Smart Tv Samsung Series 7 Un70au7000gczb Led 4k 70  220v - 240v,374999.0,MLA-TELEVISIONS,Samsung
MLA1258674513,Smart Tv Noblex Dq75x9500pi Qled 4k 75'' Black Series Con Google Tv,326999.0,MLA-TELEVISIONS,Noblex
MLA1339773859,Smart Tv Motorola 50 Led Mt50y003a1b 4k Android Tv Nuevo,119999.0,MLA-TELEVISIONS,Motorola
MLA1273965281,Tcl Led 55  L55p735 Uhd Google Tv-rv,161248.75,MLA-TELEVISIONS,TCL
MLA1345897133,Smart Tv Samsung Series 8 Un65bu8000gczb Led 4k 65  220v - 240v,256276.0,MLA-TELEVISIONS,Samsung
MLA1274283302,Smart Tv Samsung Neo Qled 4k Qn43qn90bagczb Qled 4k 43  ,274999.0,MLA-TELEVISIONS,Samsung
MLA1214813536, Smart Tv Noblex Db58x7500pi 58  Led 4k Android Tv,140999.0,MLA-TELEVISIONS,Noblex
MLA1160757271,Samsung 55  Qled 4k Q65b,269999.0,MLA-TELEVISIONS,Samsung
MLA1113215994,Samsung Smart Tv 55 4k Uhd Un55au7000gczb Watchcenter,184499.0,MLA-TELEVISIONS,Samsung
MLA1330708250,Smart Tv Led 50  LG 50uq8050 Uhd,184999.0,MLA-TELEVISIONS,LG
MLA932855444, Smart Tv 50 Pulgadas Kanji Led Ultra Hd 4k Entrada Hdmi,96998.0,MLA-TELEVISIONS,Kanji
MLA1144249323,Smart Tv Samsung Series 7 Un55au7000gczb Led 4k 55  ,255621.0,MLA-TELEVISIONS,Samsung
MLA1346894149,Smart Tv 4k 50 Motorola Android Control Voz Chromecast Bt,129999.0,MLA-TELEVISIONS,Motorola
MLA1130682257,Smart Tv Tcl 55  4k Google Tv Control De Voz Hdmi,131999.0,MLA-TELEVISIONS,TCL
MLA1133223079,Smart Tv Philips 7000 Series 50pud7406/77 Led 4k 50  Delta 2,159499.0,MLA-TELEVISIONS,Philips
MLA1128255659,Smart Tv 4k 55 Philips Ambilight 7900 55pud7906 Hdr Android,163339.0,MLA-TELEVISIONS,Philips
MLA1146563968,43 4k Uhd Smart Tv Android Philips 43pud7407/77 Bluetooth,158859.0,MLA-TELEVISIONS,Philips
MLA1326494198,Smart Tv Motorola Mt50g22 Led Full Hd 50  220v,116999.0,MLA-TELEVISIONS,Motorola
MLA910705845,Smart Tv LG 50  4k Uhd Thinq Ai 50um7360psa Led Gtia Bidcom,164999.0,MLA-TELEVISIONS,LG
MLA1139353915,Smart Tv Quint 50´´ Uhd 4k,96999.0,MLA-TELEVISIONS,Quint
MLA1116126142,Samsung Q60a Smart Tv Qled 55 4k Qn55q60aagczb _ap,327810.0,MLA-TELEVISIONS,Samsung
MLA910791332,Smart Tv Hyundai 50  Android 4k Ultra Hd Hyled-50uhd5a,118698.93,MLA-TELEVISIONS,Hyundai
MLA1154915900,Smart Tv Bgh Led Uhd 4k Android B5022us6a 220v,110654.0,MLA-TELEVISIONS,BGH
MLA1131325804,Smart Tv Noblex Dm50x7550 Led 4k 50  220v,159999.0,MLA-TELEVISIONS,Noblex
MLA1116408378,Smart Tv Led Samsung 55 Un55au7000gczb Uhd 4k Hdr10+,159440.0,MLA-TELEVISIONS,Samsung
MLA910694966,Smart Tv LG Led 43  Fhd Thinq  Ai 43lm6350psb Gtia Bidcom,109999.0,MLA-TELEVISIONS,LG
MLA1284286544,Smart Tv Samsung Qled 4k Q65b 55 Quantum Hdr Xbox Game Pass,242249.16,MLA-TELEVISIONS,Samsung
MLA1110607781,Smart Tv 4k Uhd 55 Pulgada Philips 55pud7406/77 Android X30c,187999.0,MLA-TELEVISIONS,Philips
MLA1110232832,Smart Tv Samsung Crystal Uhd Led 4k 43 ,128999.0,MLA-TELEVISIONS,Samsung
MLA1113479981,Smart Tv 4k 50 Pulgadas Samsung Au7000 Un50au7000 Tizen Hdr,139999.0,MLA-TELEVISIONS,Samsung
MLA1220885137,Led Smart Tv 55  Daihatsu Dht55ch 4k Uhd Google Tv,111999.0,MLA-TELEVISIONS,Daihatsu
MLA1121218548,Smart Tv LG Ai Thinq 50up7750psb Lcd 4k 50  Nuevo Garantía,134899.0,MLA-TELEVISIONS,LG
MLA1157713889,Smart Tv Tcl 55p725 Dled 4k 55  Caba Y Gba,139000.0,MLA-TELEVISIONS,TCL
MLA1119698196,Smart Tv 50  4k Uhd Netflix Youtube Android Dm50x7550 Noblex,111999.0,MLA-TELEVISIONS,Noblex
MLA1294716107,Smart Tv Enova 50 Pulgadas 4k Uhd Android Tv Frameless,95999.0,MLA-TELEVISIONS,Enova
MLA1223849826,Smart Tv 50'' Feelnology | F5022uk6 | 4k | Uhd ,89870.0,MLA-TELEVISIONS,Feelnology
MLA1344929327,Smart Tv Enova 50d1u-tdf 4k 50 ,109999.0,MLA-TELEVISIONS,Enova
MLA1333239073,Smart Tv Tcl 50p715 Led 4k 50  100v/240v,111999.0,MLA-TELEVISIONS,TCL
MLA1105098185,Smart Tv Candy Led 4k 55  Cdy55sv1200 Smartvision,185598.0,MLA-TELEVISIONS,Candy
MLA1361355920,Smart Tv Tlc 55 Pulgadas L55p615 4k Hdr Android Tv Google,119999.0,MLA-TELEVISIONS,TCL
MLA1207440591,Smart Tv Noblex Dq50x9500pi Qled 4k 50'' Google Tv,123999.0,MLA-TELEVISIONS,Noblex
MLA1106911984,Smart Tv Samsung Series 7 50 4k Uhd Un50au7000gczb,139499.1,MLA-TELEVISIONS,Samsung
MLA1133449904,Smart Tv Tcl 55  L55p725 Uhd Google Tv,156951.0,MLA-TELEVISIONS,TCL
MLA1123950149,Smart Tv Led 50  Cdh-le504ksmart21-f Con Android Hitachi,139999.0,MLA-TELEVISIONS,Hitachi
MLA1156220135,Smart Tv Tcl 55c825 Qled 4k 55  100v/240v,389999.0,MLA-TELEVISIONS,TCL
MLA1148853632,Televisor Tcl Led 50  Uhd Google Tv-rv,98799.0,MLA-TELEVISIONS,TCL
MLA1319876770,Smart Tv Samsung Series 8 Qn55q80aagczb Qled 4k 55  220v - 240v,399999.0,MLA-TELEVISIONS,Samsung
MLA1262533863,Tv Led 4k 55  Tcl L55p735-f Ultra Hd Smart Google Tv ,129999.0,MLA-TELEVISIONS,TCL
MLA1149126001,Smart Tv Samsung Series 6 Qn55q60aagczb Qled 4k 55  240v,270999.0,MLA-TELEVISIONS,Samsung
MLA1136575126,Smart Tv Samsung 55 4k Qled Qn55q80aagczb,411999.0,MLA-TELEVISIONS,Samsung
MLA1133405790,Samsung Series 7 55  4k Un55au7000g Un55au7000gczb,224990.0,MLA-TELEVISIONS,Samsung
MLA1163254144,Smart Tv Philips 7000 Series 55pud7406/77 Led 4k 55 ,144999.0,MLA-TELEVISIONS,Philips
MLA1146863994,Smart Tv 50 Philips 4k Ultra Hd Android,124999.0,MLA-TELEVISIONS,Philips
MLA917192814,Smart Tv Rca 55 Android 4k Uhd Hdmi Usb And55fxuhd,129218.18,MLA-TELEVISIONS,RCA
MLA1163130493,Smart Tv Tcl L50p615 50   4k Uhd Android Tv ,154139.0,MLA-TELEVISIONS,TCL
MLA1126549414,Smart Tv Philips 6600 Series 50pud6654/77 Led 4k 50  ,131989.0,MLA-TELEVISIONS,Philips
MLA1201589728,Samsung 43  Neo Qled 4k Qn90b Tv Gaming,329999.0,MLA-TELEVISIONS,Samsung
MLA1110327364,Smart Tv Led 50 Pulgadas Rca And50fxuhd Android 4k Uhd,116998.0,MLA-TELEVISIONS,RCA
MLA1167947472,Smart Tv Samsung 43 4k 60hz Un43au7000gczb Mexx 1,123829.0,MLA-TELEVISIONS,Samsung
MLA1115560430,Smart Tv 50  4k Uhd Android Manos Libres Hdr Tcl,112999.0,MLA-TELEVISIONS,TCL
MLA1301667733,Smart Tv Qled 4k 50 Pulgadas Noblex Black Dq50x9500 Android,127999.0,MLA-TELEVISIONS,Noblex
MLA1120516596,Samsung Series 7 Un55au7000g Un55au7000gczb,184999.0,MLA-TELEVISIONS,Samsung
MLA1133107864,Smart Tv Philips Led 50  4k Uhd 50pud7406/77 Android ,159999.0,MLA-TELEVISIONS,Philips
MLA1179556688,Smart Tv Tcl P725-series L50p725 Led 4k 50  220v - 240v,133999.0,MLA-TELEVISIONS,TCL
MLA1131196436,Televisor Samsung Business Tv 55  Bea-h Crystal Uhd 4k,217999.0,MLA-TELEVISIONS,Samsung
MLA1167329152,Smart Tv  65  Tcl Qled 65c725 Uhd Android ,289999.0,MLA-TELEVISIONS,TCL
MLA1325680334,Smart Tv Samsung Neo Qled 4k Qn90b 43 Mini Led 144hz 20w Rms,296999.1,MLA-TELEVISIONS,Samsung
MLA1292492789,Smart Tv Enova 50 Pulgadas 4k Uhd Android Tv Frameless,127500.0,MLA-TELEVISIONS,Enova
MLA1143745376,Smart Tv Rca 55 And55fxuhd-f  4k Android C/voz Play,134999.0,MLA-TELEVISIONS,RCA
MLA1123040801,Smart Tv LG Ai Thinq 65nano80spa Lcd 4k 65  100v/240v,349999.0,MLA-TELEVISIONS,LG
MLA1132708032,Smart Tv LG Ai Thinq 55nano80spa Led 4k 55  100v/240v,217999.0,MLA-TELEVISIONS,LG
MLA1152308811,Televisor Philips 50  4k Android Tv,249999.0,MLA-TELEVISIONS,Philips
MLA1135926141,Smart Tv 55 Hitachi Cdh-le554ksmart21 4k Android,167199.0,MLA-TELEVISIONS,Hitachi
MLA1257550127,Smart Tv Noblex Dk75x7500 Led 4k 75  220v,299999.0,MLA-TELEVISIONS,Noblex
MLA932863959,Televisor Led 60 Pulgadas 4k Ultra Hd Smart Tv Led Kanji,159998.0,MLA-TELEVISIONS,Kanji
MLA1330685716,Smart Tv Samsung Series 7 Un50tu7000gczb Led 4k 50  220v - 240v,147277.0,MLA-TELEVISIONS,Samsung
MLA1359338006,Smart Tv LG Oled 65 Pulgadas Oled65c2 C2 Evo Thinq Ai A9,646099.0,MLA-TELEVISIONS,LG
MLA1256826912,Smart Tv Rca 55  And55p7uhd Ultra Hd Android Tv 100-240v ,198826.0,MLA-TELEVISIONS,RCA
MLA1284301837,Smart Tv Samsung Neo Qled 4k Qn85b 55 Mini Led 120hz 60w Rms,440999.1,MLA-TELEVISIONS,Samsung
MLA1136912451,Smart Tv Philco Pld50us21a Led 4k 50  220v,147570.0,MLA-TELEVISIONS,Philco
MLA1123546742,Smart Tv LG Ai Thinq 50up7750psb Lcd 4k 50  100v/240v,142999.0,MLA-TELEVISIONS,LG
MLA1222470061,Smart Tv Kanji Kj-50st005 Led 4k 50  Caba Y Gba,105700.0,MLA-TELEVISIONS,Kanji
MLA1316656010,Smart Tv Hisense 55a64h Led 4k 55'',157999.0,MLA-TELEVISIONS,Hisense
MLA900398390,Smart Tv Sanyo Lce50su9550 Led 4k 50 ,115898.78,MLA-TELEVISIONS,Sanyo
MLA1219866235,Televisor Samsung 43  Neo Qled 4k Qn90b,304999.0,MLA-TELEVISIONS,Samsung
MLA1173071753,Smart Tv Hitachi Cdh-le504ksmart21-f Led 4k 50  220v,106149.0,MLA-TELEVISIONS,Hitachi
MLA1159887553,Smart Tv 50   Tcl C72-series 50c725 Qled 4k Sonido Onkyo,162498.75,MLA-TELEVISIONS,TCL
MLA1151329280,Smart Tv Tcl 50 Pulgadas Android L50p725-f Uhd 4k,117698.93,MLA-TELEVISIONS,TCL
MLA1110670719,Smart Tv Led 50 Pulgadas Rca And50fxuhd Android 4k Uhd,116998.0,MLA-TELEVISIONS,RCA
MLA1175047724,Smart Tv Philco Led 55 4k Pld55hs2250 Disney+ Flow Prime ,159998.0,MLA-TELEVISIONS,Philco
MLA1212739834, Smart Tv Led 58 Noblex Db58x7500 4k Android Tv Google Play ,124999.0,MLA-TELEVISIONS,Noblex
MLA1167238862,Televisor Samsung 55  Qled 4k Q65b,280999.0,MLA-TELEVISIONS,Samsung
MLA921296836,Smart Tv Rca 55  And55fxuhd Led Android 4k Usb Hdmi,147040.0,MLA-TELEVISIONS,RCA
MLA1256015570,Smart Tv 50  4k Uhd LG Hdr Webos Surround Thinq 50up7750,145199.0,MLA-TELEVISIONS,LG
MLA1213200953,Smart Tv Philips 7000 Series 50pud7406/77 Led 4k 50'',158999.0,MLA-TELEVISIONS,Philips
MLA1207987051,Smart Tv Kanji 4k 60 Pulgadas Netflix Youtube Andriod Tv,179998.0,MLA-TELEVISIONS,Kanji
MLA1150212706,Smart Tv Led Rca And55fxuhd 55  4k Android Tv Chromecast Hdr,149999.0,MLA-TELEVISIONS,RCA
MLA1220885772,Led Smart Tv 50''  Daihatsu Dht50ch 4k Uhd Google Tv,92999.0,MLA-TELEVISIONS,Daihatsu
MLA1150963166,Smart Tv 50  Hyundai Hyled-50uhd5a 4k 220v Ahora 12,127498.75,MLA-TELEVISIONS,Hyundai
MLA1128747429,Smart Tv 50 Pulgadas Led 4k Android Tv Control Por Voz,137498.0,MLA-TELEVISIONS,Kanji
MLA1275807481,Smart Tv Jvc Lt-50da71252pi Led 4k 50'',117999.0,MLA-TELEVISIONS,JVC
MLA1112901156,Smart Tv Noblex 50 4k Uhd Con Android Dm50x7550 Primera,120119.0,MLA-TELEVISIONS,Noblex
MLA1119750186,Smart Tv 55  Uhd 4k Crystal Hdmi Usb Un55au7000 Samsung,188899.0,MLA-TELEVISIONS,Samsung
MLA1183204616,Smart Tv 50'' Bgh | B5022uk6 | Full Hd,98050.0,MLA-TELEVISIONS,BGH
MLA917022505,Smart Tv 50  Uhd 4k Hdr Hisense,107999.0,MLA-TELEVISIONS,Hisense
MLA1106310826,Smart Tv Candy Led 4k 55 Cdy55sv1200 Smartvision,185598.0,MLA-TELEVISIONS,Candy
MLA1313527943,Smart Tv Noblex Dk65x6500 Led 4k 65  220v,189999.0,MLA-TELEVISIONS,Noblex
MLA1108268424,Smart Tv Samsung 50 Pulgadas 4k Ultra Hd 50au7000,154999.0,MLA-TELEVISIONS,Samsung
MLA1117909646,Smart Tv 4k 55 Pulgadas Samsung Au7000 Un55au7000 Hdr Tizen,179999.0,MLA-TELEVISIONS,Samsung
MLA1360767103, Smart Tv Hitachi 55 Ultra Hd 4k Cdh-le554ksmart26 Google Tv,130000.0,MLA-TELEVISIONS,Hitachi
MLA1131621344,Smart Tv Noblex Dm50x7550 Led 4k 50  220v,109999.0,MLA-TELEVISIONS,Noblex
MLA1138295574,Smart Tv Philips 7000 Series 55pud7406/77 Led 4k 55 ,145000.0,MLA-TELEVISIONS,Philips
MLA1198918986,Noblex Dk75x9500 Qled 4k 75 Black Series,313073.0,MLA-TELEVISIONS,Noblex
MLA1144575619,Smart Tv 4k 55 Philips Ambilight 55pud7906/77 Android Luces,215259.0,MLA-TELEVISIONS,Philips
MLA1177675625,Smart Tv Noblex Di49x6500 Led 4k 49  220v,140415.0,MLA-TELEVISIONS,Noblex
MLA1118601496,Smart Tv Led LG 55 55nano80 4k Nanocell Uhd Thinq Ai Webos,351260.0,MLA-TELEVISIONS,LG
MLA1147645273,Smart Tv Samsung 50 Uhd 4k Un50au7000,138999.0,MLA-TELEVISIONS,Samsung
MLA1110233268,Smart Tv 4k 50 Pulgada Philips 50pud7406/77 Hdr Android X18c,194999.0,MLA-TELEVISIONS,Philips
MLA1327057894,Smart Tv Tcl L50p725 50  Uhd Google Tv ,112446.16,MLA-TELEVISIONS,TCL
MLA1110640127,Smart Tv Kanji Con Control 4k 60 Pulgadas Netflix Youtube,129998.0,MLA-TELEVISIONS,Kanji
MLA1146713627,Smart Tv Tcl 75 Pulgadas Google Tv L75p725 4k Uhd Serie P725,384798.96,MLA-TELEVISIONS,TCL
MLA1344557849,Televisor Smart Tv Enova Led Full Hd 50 4k Uhd Youtube Negro,149999.0,MLA-TELEVISIONS,Enova
MLA1169115669,Smart Tv Sharp Sh5020kuhd Led 4k 50  220v,216315.0,MLA-TELEVISIONS,Sharp
MLA1130302206,Smart Tv Samsung Qn55q60aagxzd Qled 4k 55  100v/240v,399999.0,MLA-TELEVISIONS,Samsung
MLA1297844116,Smart Tv Noblex Dq55x9500pi Qled 4k 55'' Black Series Con Google Tv,160489.0,MLA-TELEVISIONS,Noblex
MLA1132426173,Smart Tv Led 50  Philips 50pud7406/77 Android Tv 4k,109999.0,MLA-TELEVISIONS,Philips
MLA1162630785,Smart Tv Samsung Series 7 Un50au7000gczb Led 4k 50 220v-240v,157999.0,MLA-TELEVISIONS,Samsung
MLA1281067895,Smart Tv Philips 7000 Series 50pud7406/77 Led 4k 50 Pulgadas,108309.0,MLA-TELEVISIONS,Philips
MLA1198280818,Smart Tv 55 Samsung Serie 6 4k Qled 50hz Qn55q65bagczb Mexx1,236529.0,MLA-TELEVISIONS,Samsung
MLA1128666263,Televisor Smart 50 Pulgadas Led 4k Con Control Remoto Hdmi ,96998.0,MLA-TELEVISIONS,Kanji
MLA1121508194,Smart Tv Samsung Series 7 Un55au7000gczb Led 4k 55 ,211344.0,MLA-TELEVISIONS,Samsung
MLA897086824,Kdl55xs718un Top House Cambio De Pantalla,49000.0,MLA-TELEVISIONS,Top House
MLA1203635089,Smart Tv Philips 6600 Series Led 4k 50  4k Hdmi Dolby Vision,95999.0,MLA-TELEVISIONS,Philips
MLA1149470570,Smart Tv Led 50  Tcl L50p725 Ultra Hd Google Tv,101799.0,MLA-TELEVISIONS,TCL
MLA1360778695,Televisor Smart Tv Aoc Led 4k 50  220v Hdr Netflix Youtube,149999.0,MLA-TELEVISIONS,AOC
MLA1233491847,Smart Tv Hitachi Cdh-le504ksmart21-f Led 4k 50  220v,109999.0,MLA-TELEVISIONS,Hitachi
MLA1109692443,Smart Tv Candy Led 4k 55  Cdy55sv1200 Smartvision Cuotas,229998.0,MLA-TELEVISIONS,Candy
MLA1172536129,Televisor Smart Tv Samsung Series 7 Led 4k 50  Hdmi Usb Ref,109999.0,MLA-TELEVISIONS,Samsung
MLA1131166877,Samsung Televisor Inteligente Au7000 Uhd 4k De 70,374999.0,MLA-TELEVISIONS,Samsung
MLA1108649082,Smart Tv Samsung Series Q60 Qled 4k 55 Qn55q60aa Ahora 12,319999.0,MLA-TELEVISIONS,Samsung
MLA1234312162,Smart Tv Rca And55fxuhd Lcd 4k 55  220-240v nuevo Gtía,131999.0,MLA-TELEVISIONS,RCA
MLA1305970061,Smart Tv Enova 50 Pulgadas 4k Uhd Android Tv Frameless,200000.0,MLA-TELEVISIONS,Enova
MLA1201590332,Samsung 55  Neo Qled 4k Qn85b,489999.0,MLA-TELEVISIONS,Samsung
MLA1190154895,Smart Tv  Led LG 43p 4k Uhd Modelo 43up7750 ,131708.0,MLA-TELEVISIONS,LG
MLA1110666165,Smart Tv 4k Uhd 55 Pulgada Philips 7400 55pud7406/77 Android,166999.0,MLA-TELEVISIONS,Philips
MLA1108662033,Smart Tv Samsung Series Q60 Qled 4k 55 Qn55q60aa Ahora 18,319999.0,MLA-TELEVISIONS,Samsung
MLA1144088787,Smart Tv Philips 55pud7906/77 Led 4k 55  110v/240v,244748.0,MLA-TELEVISIONS,Philips
MLA1129195798,Smart Tv Xiaomi Mi Tv P1 43 4k Android - Dolby Vision Y Aud,159999.0,MLA-TELEVISIONS,Xiaomi
MLA1116785576,Tv Led 43  LG 43up7750psb 4k Smart Tv Uhd Delta 1,125099.0,MLA-TELEVISIONS,LG
MLA1147355750,Smart Tv Hitachi 50  4k Uhd,124299.0,MLA-TELEVISIONS,Hitachi
MLA1282630986,Smart Tv Led Uhd 65 Pulgadas Control Por Voz Android Tv 4k,179900.0,MLA-TELEVISIONS,Kanji
MLA1259240570,Smart Tv Samsung Neo Qled 4k Qn75qn85bagczb Qled 4k 75  220v - 240v,789999.0,MLA-TELEVISIONS,Samsung
MLA1187541221,Smart Tv Samsung Series 7 Un50au7000gczb Led 4k 50 ,214921.0,MLA-TELEVISIONS,Samsung
MLA927660432,Smart Tv Bgh B5021uh6a 50 Android 4kuhd Netflixyoutubeprime,110904.0,MLA-TELEVISIONS,BGH
MLA1165544034,Smart Tv Led Vidaa Uhd 4k Con Wifi 55'' 9155a64h Hisense,145799.0,MLA-TELEVISIONS,Hisense
MLA1205592924,Smart Tv Samsung Series 7 U7000gczb Led 4k Uhd 50  Bluetooth,205839.0,MLA-TELEVISIONS,Samsung
MLA1329387669,Televisor Smart Hisense 50a64h 50  Led Uhd 4k,154486.0,MLA-TELEVISIONS,LED
MLA1234790502,Smart Tv Samsung Series 8 Un75bu8000gczb Led 4k 75  220v - 240v,403999.0,MLA-TELEVISIONS,Samsung
MLA1360848249,Smart Tv Aoc 50u6295/77g Led 4k 50  220v Hdr Twitter Full Hd,109999.0,MLA-TELEVISIONS,AOC
MLA1285518402,Smart Tv Samsung 65 Pulgadas Un65bu8000gczb 4k Crystal Uhd,299999.0,MLA-TELEVISIONS,Samsung
MLA1141676235,Smart Tv Samsung Series 7 Un43au7000gczb Led 4k 43,193839.0,MLA-TELEVISIONS,Samsung
MLA1122529341,Smart Tv Samsung Series 7 Un55au7000gxug Led 4k 55  ,223275.0,MLA-TELEVISIONS,Samsung
MLA1156543823,Smart Tv Samsung Series 7 65 Un65au7000gczb 4k Uhd,314149.0,MLA-TELEVISIONS,Samsung
MLA1218577420,Smart Tv Skyworth 55g3af Frameless 4k 55  Hdr 10 Android Tv,133999.0,MLA-TELEVISIONS,Skyworth
MLA1213200192,Smart Tv LG Ai Thinq 50up7750psb Lcd 4k 50  100v/240v,181998.7,MLA-TELEVISIONS,LG
MLA1220962948,Led Smart Tv 50''  Daihatsu Dht50ch 4k Uhd Google Tv,144199.0,MLA-TELEVISIONS,Daihatsu
MLA1120717977,Smart Tv Candy Led 4k 55 Pulgadas 55sv1200 Disney Netflix Ct,178999.0,MLA-TELEVISIONS,Candy
MLA1155304546,Smart Tv Samsung Series 7 Un55au7000gczb Led 4k 55  220v - 2,169999.0,MLA-TELEVISIONS,Samsung
MLA1192717305,Android Tv 55  Led 4k Uhd Philips Ambilight 55pud7906/77,181819.0,MLA-TELEVISIONS,Philips
MLA1357138642,Smart Tv Samsung Series 6 Qn55q65bagczb Qled 4k 55  ,238499.0,MLA-TELEVISIONS,Samsung
MLA1136009196,Smart Tv Led 55  Tcl L55p725 Google Tv 4k,128199.0,MLA-TELEVISIONS,TCL
MLA917193824,Smart Tv Rca 55 Android 4k Uhd Hdmi Usb And55fxuhd Cuotas,176098.0,MLA-TELEVISIONS,RCA
MLA1344570678,Televisor Smart Tv Enova 50d1u Led Fhd 50 4k Uhd Netflix ,149999.0,MLA-TELEVISIONS,Enova
MLA885533891,Smart Tv Aoc 50  U6295/77g Ultra Hd  Usb Hdmi,153599.0,MLA-TELEVISIONS,AOC
MLA1117406408,Smart Tv Led 55  Philips 55pud7406/77 4k Uhd A12,192899.0,MLA-TELEVISIONS,Philips
MLA1122682048,Smart Tv LG Ai Thinq 50up7750psb Lcd 4k 50  100v/240v D3,189499.0,MLA-TELEVISIONS,LG
MLA918475346,Smart Tv Led 55 Rca And55fxuhd-f Android Uhd 4k Usb Bt Hdr ,154999.0,MLA-TELEVISIONS,RCA
MLA917193822,Smart Tv Rca 55 Android 4k Uhd Hdmi Usb And55fxuhd Cuotas,160249.18,MLA-TELEVISIONS,RCA
MLA1149671217,Smart Tv Led 50 Bgh B5022uk6 Ultra Hd Netflix Youtube,96399.0,MLA-TELEVISIONS,BGH
MLA1354994211,Smart Tv Tcl P725-series L50p725 Led 4k 50  220v - 240v,109750.0,MLA-TELEVISIONS,TCL
MLA1121231791,Smart Tv LG Ai Thinq 50up7750psb Lcd 4k 50 Nuevo Ahora 12,199999.0,MLA-TELEVISIONS,LG
MLA1164808346,Smart Tv Samsung Series Q65 Qled 4k 55 Qn55q65ba Cts,339999.0,MLA-TELEVISIONS,Samsung
MLA1123902459,Smart Tv Philips 7000 Series 50pud7406/77 Led 4k 50  ,134398.0,MLA-TELEVISIONS,Philips
MLA1113718107,Smart Tv Led 65p 4k 65pud7906a Philips,349109.0,MLA-TELEVISIONS,Philips
MLA1265675176,Smart Tv Hitachi Cdh-le654ksmart12 Led 4k 65  110v/240v,180832.5,MLA-TELEVISIONS,Hitachi
MLA921730867,Led Smart Rca 55 Uhd 4k Android Tv Bluetooth Hdr Google Play,174899.0,MLA-TELEVISIONS,RCA
MLA1166888932,Smart Tv LG Ai Thinq 75up7750psb Lcd 4k 75  100v/240v,499999.0,MLA-TELEVISIONS,LG
MLA1291297863,Smart Tv 65 Pulgadas 4k Ultra Hd 65a6h - Hisense,219999.0,MLA-TELEVISIONS,Hisense
MLA1150565349,Smart Tv Bgh B5022uk6 50  Ultra Hd 4k,98894.32,MLA-TELEVISIONS,BGH
MLA1286078619,Smart Tv Led 55  Bgh B5522us6a Android,126499.0,MLA-TELEVISIONS,BGH
MLA1120387759,Smart Tv Candy 65sv1200 Led 4k 65  110v/240v,168500.0,MLA-TELEVISIONS,Candy
MLA1134539762,Smart Tv Philco 50 Led Pld50hs22 4k,95999.0,MLA-TELEVISIONS,Philco
MLA1280850459,Smart Tv 75 Philips 8507 Series Android 75pud8507/77 4k Uhd,339999.0,MLA-TELEVISIONS,Philips
MLA1123290116,Smart Tv Samsung Series 7 Un55au7000gczb Led 4k 55 ,160974.99,MLA-TELEVISIONS,Samsung
MLA1163099662,Smart Tv Tcl P725-series L50p725 Led 4k 50  Android Tv,112999.0,MLA-TELEVISIONS,TCL
MLA1110659997,Smart Tv 4k 70 Philips Ambilight 7900 70pud7906/77 Android,249999.0,MLA-TELEVISIONS,Philips
MLA1213578966,Smart Tv Led 4k 50'' Feelnology F5022uk6,97999.0,MLA-TELEVISIONS,Feelnology
MLA1215197905,Smart Tv Hisense 70 Led 70a6h 4k Uhd Vidaa,239999.0,MLA-TELEVISIONS,Hisense
MLA1129449433,Smart Tv Led 4k Netflix 60 Pulgadas Andriod Tv Chromecast,133998.0,MLA-TELEVISIONS,Kanji
MLA1330402908,Smart Tv Kodak We-6xst005 4k 60  220v,149998.0,MLA-TELEVISIONS,Kodak
MLA1215293081,Smart Tv Hisense 55 Led 55a64h 4k Uhd Vidaa,141999.0,MLA-TELEVISIONS,Hisense
MLA1133846024,Smart Tv 55 Philips 4k 7000 Series 55pud7406|77,193999.0,MLA-TELEVISIONS,Philips
MLA1287017103,Smart Tv Samsung Series 7 Un50tu7000gczb Led 4k 50  220v,99999.0,MLA-TELEVISIONS,Samsung
MLA1127834645,Smart Tv Samsung The Frame Qn65ls03aagxzd Qled 4k 65  100v/240v,440999.0,MLA-TELEVISIONS,Samsung
MLA1153996076,Smart Tv Tcl 55p725 Dled 4k 55  100v/240v Cuo,172789.0,MLA-TELEVISIONS,TCL
MLA1282960828,Smart Tv Bgh B7522us6a 4k 75  220v,354999.0,MLA-TELEVISIONS,BGH
MLA1128259345,Led Tv Philips 65  Pud7906/77 Smart Android 4k Ambilight,224999.0,MLA-TELEVISIONS,Philips
MLA1292840249,Smart Tv Samsung Series 6 Qn55q65bagczb Qled 4k 55 ,216724.0,MLA-TELEVISIONS,Samsung
MLA1179562775,Smart Tv Samsung Series 7 Un50au7000gczb Led 4k 50,134899.0,MLA-TELEVISIONS,Samsung
MLA1160704081,Smart Tv Rca 65 And65p7uhd Google Tv Bluetooth 4k ,178999.0,MLA-TELEVISIONS,RCA
MLA1234059720,Smart Tv Hitachi Cdh-le504ksmart21-f Led 4k 50  Android Tv,129999.0,MLA-TELEVISIONS,Hitachi
MLA1188166272,Smart Led 4k 60 Pulgadas Netflix Android Tv Chromecast,179998.0,MLA-TELEVISIONS,Kanji
MLA1133497503,Smart Tv 70 Pulgadas 4k Ultra Hd 70pud7906 77 - Philips,401039.0,MLA-TELEVISIONS,Philips
MLA1143221628,Smart Tv Tcl 65 L65p725 Uhd 4k Android Control Voz Ahora 12,237498.75,MLA-TELEVISIONS,TCL
MLA1147883936,Smart Tv Hitachi Cdh-le554ksmart21 4k 55  Android Tv,131031.5,MLA-TELEVISIONS,Hitachi
MLA1126489279,Smart Tv LG Ai Thinq 43up7750psb Lcd 4k 43  100v/240v,120999.0,MLA-TELEVISIONS,LG
MLA875573760,Smart Tv Philips 58pud6654/77 Led 4k 58  110v/240v,169999.0,MLA-TELEVISIONS,Philips
MLA1190123702,Smart Tv Samsung 75'' Uhd Serie Un75bu8000,419999.0,MLA-TELEVISIONS,Samsung
MLA1149495972,Smart Tv Led 50  Tcl L50p725 Ultra Hd Google Tv A12,140499.0,MLA-TELEVISIONS,TCL
MLA1117425885,Smart Tv Led 55  Philips 55pud7406/77 4k Uhd,141499.0,MLA-TELEVISIONS,Philips
MLA1214578377,Smart Tv Samsung Qn65q65bagxzd Qled 4k 65  100v/240v,379999.0,MLA-TELEVISIONS,Samsung
MLA1108730303,Smart Tv 55  4k Uhd Hitachi Cdh-le554ksmart22 Android Tv,134999.0,MLA-TELEVISIONS,Hitachi
MLA1162604874,Smart Tv Samsung Series 7 Un50au7000gczb Led 4k 50 220v-240v,187999.0,MLA-TELEVISIONS,Samsung
MLA1156518950,Smart Tv Samsung 75 Crystal Un75bu8000gczb Airslim,499999.0,MLA-TELEVISIONS,Samsung
MLA1348110183,Televisor Smart Noblex Dk55x7500 55  Led Uhd 4k Google Tv,144989.0,MLA-TELEVISIONS,Entre 43 y 65
MLA1348090838,Televisor Smart Noblex Dk55x7500 55  Led Uhd 4k Google Tv,181236.0,MLA-TELEVISIONS,Entre 43 y 65
MLA1223958786,Smart Tv Samsung Series 8 Un75au8000gczb Led 4k 75  220v - 240v,509999.0,MLA-TELEVISIONS,Samsung
MLA1126515146,Smart Tv LG Ai Thinq 50up7750psb Lcd 4k 50  100v/240v,169999.0,MLA-TELEVISIONS,LG
MLA1190708219,Smart Tv Rca X65andtv Led 4k 65  100v/240v,222999.0,MLA-TELEVISIONS,RCA
MLA1339942956,Smart Tv LG Evo Oled77c2psa 4k 77  100v/240v,1299999.0,MLA-TELEVISIONS,LG
MLA1360519533,Smart Tv Philips Series 7 65oled707/77 4k 65  110v/240v,541412.0,MLA-TELEVISIONS,Philips
MLA1220774046,Smart Tv Noblex 50 Led Dk50x7500 4k Android Cuo,142789.0,MLA-TELEVISIONS,Noblex
MLA1131833519,Smart Tv Samsung Series 7 Un50au7000gczb Led 4k 50  ,141157.63,MLA-TELEVISIONS,Samsung
MLA1128893713,Smart Tv Samsung Un75au8000gxzd Led 4k 75  100v/240v,419999.0,MLA-TELEVISIONS,Samsung
MLA1134761223,Led Hitachi Smart Tv 55 4k Android Tv,162599.0,MLA-TELEVISIONS,Hitachi
MLA1110293182,Smart Tv Philips 65'' Ultrahd 4k 65pud7906 Android Ambilight,206999.0,MLA-TELEVISIONS,Philips
MLA1121527268,Smart Tv Phiips 55  55pud7906 4k Con Ambilight,167998.0,MLA-TELEVISIONS,Philips
MLA1133883184,Smart Tv 55 Philips 4k 7000 Series 55pud7406|77,151399.0,MLA-TELEVISIONS,Philips
MLA1123499674,Smart Tv Samsung Qn65q70aagxzd Qled 4k 65  100v/240v,411999.0,MLA-TELEVISIONS,Samsung
MLA1150973305,Smart Tv Noblex Dk55x6550 50  Ultra Hd 4k,130189.71,MLA-TELEVISIONS,Noblex
MLA912446714,Smart Tv Noblex 50 Dk50x6500 4k Cuo,139519.0,MLA-TELEVISIONS,Noblex
MLA1123962962,Smart Tv Philips 7000 Series 50pud7406/77 Led 4k 50  ,118399.0,MLA-TELEVISIONS,Philips
MLA1134863757,Smart Tv Led 75 Tcl 4k Ultra Hd L75p725 Uhd,379999.0,MLA-TELEVISIONS,TCL
MLA1132216649,Smart Tv 65  4k Ultra Hd Con Android Hitachi,229999.0,MLA-TELEVISIONS,Hitachi
MLA1151649334,Smart Tv Samsung Series 7 Qn65q70aagczb Qled 4k 65  220v - 240v,391590.0,MLA-TELEVISIONS,Samsung
MLA1147835669,Smart Tv Samsung Series 7 Un50au7000gczb Led 4k 50 ,155992.0,MLA-TELEVISIONS,Samsung
MLA912447267,Smart Tv Noblex 50  Dk50x6500 4k,106499.0,MLA-TELEVISIONS,Noblex
MLA1149677198,Smart Tv Led 50 Bgh B5022uk6 Ultra Hd Netflix Youtube Cuo,126289.0,MLA-TELEVISIONS,BGH
MLA1219479754,Smart Tv Philips 50  Ultra Hd 4k Android,178300.0,MLA-TELEVISIONS,Philips
MLA1349449995,Smart Tv Kanji 9809b Dled 4k 60  220v,124999.0,MLA-TELEVISIONS,Kanji
MLA1132534613,Televisor Hitachi 65  4k Cdh-le654ksmart24 Google Tv,299999.0,MLA-TELEVISIONS,Hitachi
MLA1143228135,Smart Tv Tcl 65 L65p725 Uhd 4k Android Control X Voz,189999.0,MLA-TELEVISIONS,TCL
MLA1136354733,Tv Led Smart 50p 4k L50p725 Go Tcl,115999.0,MLA-TELEVISIONS,TCL
MLA926195489,Smart Tv Hisense H5018uh6 Led 4k 50  100v/240v,116899.0,MLA-TELEVISIONS,Hisense
MLA869943805,Smart Tv Led 4k Uhd Philips 58 58pud6654/77 58 Pulgadas,220998.7,MLA-TELEVISIONS,Philips
MLA1179022874,Smart Tv Samsung Series 7 Un50au7000gczb 4k 50 Cuo,176719.0,MLA-TELEVISIONS,Samsung
MLA1130046640,Smart Tv Samsung Series 7 Un70au7000gxzs Led 4k 70 100v/240,347624.0,MLA-TELEVISIONS,Samsung
MLA1110100609,Tv Smart Philips 65pud7906 Ultra 4k Android C/ambilight ,229990.0,MLA-TELEVISIONS,Philips
MLA1102686231,Tv 65 Led  Candy Smartvision,168500.0,MLA-TELEVISIONS,Candy
MLA1135513714,Smart Tv Bgh B5021uh6a Led 4k 50   Android Tv ,122639.0,MLA-TELEVISIONS,BGH
MLA1194006311,Samsung 75  Neo Qled 4k Qn85b,899999.0,MLA-TELEVISIONS,Samsung
MLA1134186701,Smart Tv Philips 7000 Series 50pud7406/77 Led 4k 50 ,144999.0,MLA-TELEVISIONS,Philips
MLA1150055500,Smart Tv Tcl 50 Uhd 4k Google Tv,115999.0,MLA-TELEVISIONS,TCL
MLA1207297119,Smart Tv 65 Philips 4k Uhd Ambilight Android,233999.0,MLA-TELEVISIONS,Philips
MLA1150927819,Smart Tv Led Uhd 4k 55 Bgh B5522us6a Android Tv Tio Musa,119999.0,MLA-TELEVISIONS,BGH
MLA1262691689,Smart Tv Samsung 75 Series 8 Un75bu8000 Led 4k Nuevo Gtia,409999.0,MLA-TELEVISIONS,Samsung
MLA1139679871,Smart Tv Rca 65 And65p7uhd Google Tv Bluetooth 4k Chromecast,199999.0,MLA-TELEVISIONS,RCA
MLA1307019572,Televisor Samsung Crystal 65  4k Uhd Smart Tv Bu8000,311999.0,MLA-TELEVISIONS,Samsung
MLA913493008,Smart Tv Hitachi Cdh-le554ksmart20 Led 4k 55  100v/240v,151200.0,MLA-TELEVISIONS,Hitachi
MLA1190732657,Smart Tv Noblex 50  Dr50x7550 4k Ultra Hd Android Tv,110254.0,MLA-TELEVISIONS,Noblex
MLA1116388590,Smart Tv Led LG 60  60up7750 Uhd 4k Hdr Activo Thinq Ai,288815.0,MLA-TELEVISIONS,LG
MLA1243390166,Smart Tv Tcl P725-series 55p725 Dled 4k 55  100v/240v,135999.0,MLA-TELEVISIONS,TCL
MLA1151331068,Smart Tv Hitachi 65 Pulgadas Android Le654ksmart24 Led 4k,203298.93,MLA-TELEVISIONS,Hitachi
MLA1141664659,Smart Tv Samsung Series 7 Un65au7000gczb Led 4k 65  Rex,388475.0,MLA-TELEVISIONS,Samsung
MLA1118683035,Smart Tv LG Ai Thinq Oled65a1psa 4k 65  100v/240v,539999.0,MLA-TELEVISIONS,LG
MLA1281725268,Smart Tv 75  Philips Uhd 4k,373999.0,MLA-TELEVISIONS,Philips
MLA1314558162,Smart Tv Samsung Series 7 Un55au7000gczb Led 4k 55  ,200099.0,MLA-TELEVISIONS,LED
MLA1148405818,Smart Tv Noblex Dm55x7550 Led 4k 55  220v,139799.0,MLA-TELEVISIONS,Noblex
MLA872990304,Smart Tv Hitachi Cdh-le504ksmart20 Led 4k 50  110v/240v,114491.01,MLA-TELEVISIONS,Hitachi
MLA736480234,Smart Tv Hitachi 65 4k Uhd Cdh-le654ksmart12 Netflix,195812.0,MLA-TELEVISIONS,Hitachi
MLA1220570594,Smart Tv Noblex Dk55x7500pi Led 4k 55'' Con Google Tv,166109.0,MLA-TELEVISIONS,Noblex
MLA1211518735,Smart Tv LG 86 Pulgadas 4k Real Uhd Ai Thinq 86uq9050psc,722199.0,MLA-TELEVISIONS,LG
MLA908615269,Smart Tv Tcl L55c2 Led 4k 55  100v/240v,161000.0,MLA-TELEVISIONS,TCL
MLA1360765806,Televisor Smart Tv Aoc Led 4k 50  220v Hdr Twitter Full Hd,149999.0,MLA-TELEVISIONS,AOC
MLA1316636257,Smart Tv Hisense 70a6h Led 4k 70'',232999.0,MLA-TELEVISIONS,Hisense
MLA1108731632,Smart Tv 4k 50 Pulgadas Philips 50pud6654/77 Uhd Hdr10 X30,165999.0,MLA-TELEVISIONS,Philips
MLA1128887543,Smart Tv Samsung 75  Un75au8000gxzd Led 4k,419999.0,MLA-TELEVISIONS,Samsung
MLA1132892172,Smart Tv Philips 7000 Series 55pud7406/77 Led 4k 55  Ranet,146599.0,MLA-TELEVISIONS,Philips
MLA932862767,Smart Tv 60 Pulgadas Kanji Led 4k Ultra Hd Control Remoto,168048.0,MLA-TELEVISIONS,Kanji
MLA1169121363,Smart Tv 4k Uhd 55 Pulgadas Rca And55fxuhd Bt Hdr Android Tv,125999.0,MLA-TELEVISIONS,RCA
MLA1360614668,Smart Tv Tcl L55p615 Led 4k 55  Android Tv,131999.0,MLA-TELEVISIONS,TCL
MLA1181882158,Smart Tv Noblex Dk55x6550 50  Ultra Hd 4k,153599.0,MLA-TELEVISIONS,Noblex
MLA1108662079,Smart Tv Samsung Series Q60 Qled 4k 55 Qn55q60aa Nuevo Gtia,259999.0,MLA-TELEVISIONS,Samsung
MLA1121153282,Smart Tv LG Ai Thinq 43up7750psb Lcd 4k 43 Nuevo Ahora 18,146999.0,MLA-TELEVISIONS,LG
MLA1142535212,Smart Tv LG Ai Thinq 50up7750psb  4k 50  Surround,174349.0,MLA-TELEVISIONS,LG
MLA1183727283,Smart Tv Philips 7000 Series 50pud7406/77 Led 4k 50  ,122999.0,MLA-TELEVISIONS,Philips
MLA1129772192,Smart Tv 4k 65 Pulgadas Samsung Au7000 Un65au7000a Hdr Cuota,429999.0,MLA-TELEVISIONS,Samsung
MLA1314667297,Smart Tv Samsung Series 7 Un55au7000gczb Led 4k 55  ,250124.0,MLA-TELEVISIONS,LED
MLA1115804401,Smart Tv Philips 65'' Ultrahd 4k 65pud7906 Android Ambilight,208999.0,MLA-TELEVISIONS,Philips
MLA1236812148,Smart Tv Tcl P725-series Led 4k 50   ,113300.0,MLA-TELEVISIONS,TCL
MLA1115322599,Smart Tv LG 60 Al Thinq Uhd 4k Led 60up7750 Tio Musa,209999.0,MLA-TELEVISIONS,LG
MLA1128830649,Smart Tv Philips Led 55  4k Serie 7000 55pud7406/77 Android,179999.0,MLA-TELEVISIONS,Philips
MLA1139208470,Smart Tv Philips 65pud7906/77 Led 4k 65  110v/240v,330309.0,MLA-TELEVISIONS,Philips
MLA1305966552,Smart Tv 55'' Samsung | Un55au7000gczb | 4k | Uhd,160300.0,MLA-TELEVISIONS,Samsung
MLA1144090208,Smart Tv Philips 7000 Series 50pud7406/77 Led 4k 50  110v,131989.0,MLA-TELEVISIONS,Philips
MLA1108282853,Smart Tv Samsung 65 Uhd 4k Un65au7000 Al Click Nuevo Gtia,241999.0,MLA-TELEVISIONS,Samsung
MLA1147193754,Smart Tv Philips 65pud7906/77 Led 4k 65  Con Android Tv,217132.85,MLA-TELEVISIONS,Philips
MLA1265357494,Smart Tv Samsung Series 7 Un55au7000gczb Led 4k 55,162299.0,MLA-TELEVISIONS,Samsung
MLA1193267931,Smart Tv Samsung Neo Qled 55 4k 55qn85b Nuevo Original,489999.0,MLA-TELEVISIONS,Samsung
MLA1316655115,Smart Tv Hisense 75u60h Uled 4k 75'' Con Google Tv,389999.0,MLA-TELEVISIONS,Hisense
